City_ID,City,Country,Lat,Lng,Max Temp,Humidity,Cloudiness,Wind Speed,Current Description
0,Malakal,SS,9.5334,31.6605,71.47,93,29,3.62,scattered clouds
1,Bredasdorp,ZA,-34.5322,20.0403,63.75,89,39,12.86,scattered clouds
2,Damara,CF,4.9608,18.7035,71.13,97,100,2.71,overcast clouds
3,Kruisfontein,ZA,-34.0033,24.7314,60.89,95,1,2.04,clear sky
4,Salalah,OM,17.0151,54.0924,77.09,69,0,3.44,clear sky
5,Ribeira Grande,PT,38.5167,-28.7,67.77,67,96,3.0,overcast clouds
6,Vardo,NO,70.3705,31.1107,30.18,80,99,14.97,overcast clouds
7,Haines Junction,CA,60.7522,-137.5108,39.15,65,84,1.14,broken clouds
8,Souillac,MU,-20.5167,57.5167,71.98,83,40,8.05,scattered clouds
9,Itarema,BR,-2.9248,-39.9167,79.3,79,49,15.5,scattered clouds
10,Ilorin,NG,8.5,4.55,80.96,74,20,0.0,few clouds
11,Busselton,AU,-33.65,115.3333,60.42,72,68,4.38,broken clouds
12,Kapaa,US,22.0752,-159.319,85.98,77,75,13.8,broken clouds
13,Katsuura,JP,35.1333,140.3,69.82,71,11,16.22,few clouds
14,Rikitea,PF,-23.1203,-134.9692,72.19,82,94,20.78,overcast clouds
15,Saint-Philippe,RE,-21.3585,55.7679,69.39,84,77,7.74,broken clouds
16,Gizo,SB,-8.103,156.8419,82.44,75,100,8.86,moderate rain
17,Vatne,NO,62.5667,6.65,46.44,87,100,5.35,light rain
18,Ushuaia,AR,-54.8,-68.3,42.46,87,75,10.36,broken clouds
19,Cape Town,ZA,-33.9258,18.4232,66.38,76,0,15.01,clear sky
20,Nuristan,AF,35.3,70.8333,31.51,32,0,10.51,clear sky
21,Punta Arenas,CL,-53.15,-70.9167,44.71,93,100,3.44,light rain
22,Hermanus,ZA,-34.4187,19.2345,65.8,85,46,13.91,scattered clouds
23,Arraial Do Cabo,BR,-22.9661,-42.0278,72.64,90,85,13.78,overcast clouds
24,Natal,BR,-5.795,-35.2094,79.02,73,40,11.5,scattered clouds
25,Georgetown,MY,5.4112,100.3354,80.89,86,20,4.61,few clouds
26,Batagay-Alyta,RU,67.8006,130.4114,3.27,90,44,4.5,scattered clouds
27,Lagoa,PT,39.05,-27.9833,65.1,69,89,17.11,overcast clouds
28,Hasaki,JP,35.7333,140.8333,63.0,63,36,4.5,scattered clouds
29,Shimoda,JP,34.6667,138.95,73.76,69,21,16.33,few clouds
30,Burns Lake,CA,54.2331,-125.7533,42.22,46,57,4.76,broken clouds
31,Matagami,CA,49.7502,-77.6328,44.71,93,75,3.44,broken clouds
32,Kaitangata,NZ,-46.2817,169.8464,64.31,40,27,4.09,scattered clouds
33,Senanga,ZM,-16.1167,23.2667,76.24,30,72,6.31,broken clouds
34,Boden,SE,65.8252,21.6886,37.4,57,95,13.31,overcast clouds
35,Wurzburg,DE,49.7878,9.9361,56.8,85,84,3.49,broken clouds
36,Bluff,NZ,-46.6,168.3333,56.61,61,50,10.6,scattered clouds
37,Castro,BR,-24.7911,-50.0119,59.85,91,13,6.35,few clouds
38,Amapa,BR,1.0,-52.0,79.43,74,100,5.12,overcast clouds
39,Kinshasa,CD,-4.3246,15.3215,75.47,86,96,1.97,light rain
40,Ponta Do Sol,PT,32.6667,-17.1,69.71,83,84,6.13,broken clouds
41,Mataura,NZ,-46.1927,168.8643,66.88,37,33,9.37,scattered clouds
42,Rocha,UY,-34.4833,-54.3333,54.61,97,91,18.28,overcast clouds
43,Jawhar,SO,2.7809,45.5005,74.71,86,42,7.54,scattered clouds
44,Perth,AU,-31.9333,115.8333,62.04,84,0,6.91,light rain
45,Albany,US,42.6001,-73.9662,56.05,68,15,2.24,few clouds
46,Butaritari,KI,3.0707,172.7902,81.01,69,99,7.05,overcast clouds
47,Severo-Kurilsk,RU,50.6789,156.125,39.65,77,95,5.06,overcast clouds
48,Esperance,AU,-33.8667,121.9,59.0,61,16,14.45,few clouds
49,Klaksvik,FO,62.2266,-6.589,43.72,81,100,17.34,overcast clouds
50,Polunochnoye,RU,60.8697,60.4153,27.43,75,14,9.31,few clouds
51,La Ronge,CA,55.1001,-105.2842,41.25,52,20,3.44,few clouds
52,Touros,BR,-5.1989,-35.4608,78.3,80,45,15.14,scattered clouds
53,Port Alfred,ZA,-33.5906,26.891,63.18,83,24,4.0,few clouds
54,Puerto Ayora,EC,-0.7393,-90.3518,67.55,90,79,7.0,broken clouds
55,Nhulunbuy,AU,-12.2333,136.7667,87.37,66,92,9.66,overcast clouds
56,Thompson,CA,55.7435,-97.8558,39.36,60,75,3.44,broken clouds
57,New Norfolk,AU,-42.7826,147.0587,55.56,77,100,4.0,moderate rain
58,Chuhuyiv,UA,49.8359,36.688,41.63,85,99,8.19,overcast clouds
59,Port Elizabeth,ZA,-33.918,25.5701,64.69,86,0,11.5,clear sky
60,Prince Rupert,CA,54.3161,-130.3201,49.69,61,0,11.5,clear sky
61,Barrow,US,71.2906,-156.7887,26.62,93,100,20.71,overcast clouds
62,Chokurdakh,RU,70.6333,147.9167,12.99,95,100,10.78,light snow
63,Vao,NC,-22.6667,167.4833,72.37,76,100,28.27,light rain
64,Hilo,US,19.7297,-155.09,84.27,68,40,8.05,scattered clouds
65,Codrington,AU,-38.2667,141.9667,55.85,85,100,16.8,light rain
66,Dolores,AR,-36.3132,-57.6792,44.85,80,55,8.16,broken clouds
67,Aksarka,RU,66.5606,67.7975,27.34,87,28,11.83,scattered clouds
68,Coquimbo,CL,-29.9533,-71.3436,55.13,87,100,8.05,overcast clouds
69,Bethel,US,41.3712,-73.414,56.93,74,66,2.48,broken clouds
70,Fare,PF,-16.7,-151.0167,79.03,74,4,12.53,light rain
71,Lebu,CL,-37.6167,-73.65,48.9,87,85,7.52,overcast clouds
72,Berlevag,NO,70.8578,29.0864,35.6,69,75,21.85,broken clouds
73,Pemba,MZ,-12.974,40.5178,74.1,83,20,5.99,few clouds
74,Victoria,HK,22.2855,114.1577,80.65,81,72,3.0,broken clouds
75,Lasa,IT,46.6166,10.7002,50.88,90,45,2.64,scattered clouds
76,Jalu,LY,29.0331,21.5482,65.48,50,0,8.03,clear sky
77,Mareeba,AU,-17.0,145.4333,83.48,69,1,2.64,clear sky
78,Asau,RO,46.4333,26.4,51.28,61,100,8.95,overcast clouds
79,Avarua,CK,-21.2078,-159.775,80.65,78,40,8.05,scattered clouds
80,Maryborough,AU,-25.5333,152.7,77.11,62,72,7.2,broken clouds
81,San Quintin,MX,30.4833,-115.95,66.56,74,78,11.23,broken clouds
82,Seddon,AU,-37.8068,144.8916,65.21,84,100,12.66,overcast clouds
83,Carnarvon,AU,-24.8667,113.6333,69.87,72,0,8.39,clear sky
84,Faanui,PF,-16.4833,-151.75,79.43,74,20,12.66,few clouds
85,Northam,GB,51.0333,-4.2167,59.61,96,100,14.14,overcast clouds
86,Lorengau,PG,-2.0226,147.2712,85.01,59,81,6.06,broken clouds
87,Ranot,TH,7.7777,100.3213,77.09,91,98,5.88,overcast clouds
88,Lompoc,US,34.6391,-120.4579,69.94,93,100,10.36,mist
89,Merritt Island,US,28.5392,-80.672,74.08,79,0,11.5,clear sky
90,Beyneu,KZ,45.3167,55.2,42.17,62,1,2.93,clear sky
91,Atuona,PF,-9.8,-139.0333,77.13,65,13,15.99,few clouds
92,Port Hedland,AU,-20.3167,118.5667,80.65,57,0,12.66,clear sky
93,Santa Cruz,BO,-17.8,-63.1667,80.65,61,75,4.61,broken clouds
94,Hervey Bay,AU,-25.2986,152.8535,77.02,76,91,14.0,overcast clouds
95,Kulhudhuffushi,MV,6.6221,73.07,81.1,81,99,12.73,overcast clouds
96,Bengkulu,ID,-3.8004,102.2655,77.29,79,100,2.98,overcast clouds
97,Cherskiy,RU,68.75,161.3,12.6,95,100,9.4,light snow
98,Vitim,RU,59.4511,112.5578,31.71,92,99,7.43,overcast clouds
99,Kodiak,US,57.79,-152.4072,42.31,75,100,10.36,light rain
100,Sibolga,ID,1.7427,98.7792,76.53,84,100,2.93,overcast clouds
101,Fairbanks,US,64.8378,-147.7164,34.61,93,100,4.61,light snow
102,Mahebourg,MU,-20.4081,57.7,71.89,83,40,8.05,scattered clouds
103,Kapit,MY,2.0167,112.9333,76.26,95,100,0.25,overcast clouds
104,Vila Franca Do Campo,PT,37.7167,-25.4333,64.81,76,74,15.01,broken clouds
105,Raudeberg,NO,61.9875,5.1352,46.87,10,100,14.03,overcast clouds
106,Tromso,NO,69.6496,18.957,39.22,70,98,31.07,light intensity drizzle
107,Tiksi,RU,71.6872,128.8694,16.9,94,100,5.44,overcast clouds
108,Provideniya,RU,64.3833,-173.3,32.5,94,100,8.12,light snow
109,Ostrovnoy,RU,68.0531,39.5131,37.11,94,100,22.21,overcast clouds
110,Chicama,PE,-7.8447,-79.1469,59.54,80,81,6.31,broken clouds
111,Erenhot,CN,43.6475,111.9767,38.46,45,0,6.96,clear sky
112,Namibe,AO,-15.1961,12.1522,67.75,86,28,5.91,scattered clouds
113,Beringovskiy,RU,63.05,179.3167,27.73,79,98,8.37,overcast clouds
114,Jamestown,US,42.097,-79.2353,62.24,50,0,8.05,clear sky
115,Xihe,CN,31.6864,113.4659,64.4,49,2,5.5,clear sky
116,Te Anau,NZ,-45.4167,167.7167,57.72,62,58,9.55,broken clouds
117,Kibaya,TZ,-5.3,36.5667,61.02,78,64,7.63,broken clouds
118,Acarau,BR,-2.8856,-40.12,79.2,79,42,16.33,scattered clouds
119,Zhangye,CN,38.9342,100.4517,45.37,35,27,1.7,scattered clouds
120,Kavieng,PG,-2.5744,150.7967,84.22,60,61,3.09,broken clouds
121,Sladkovo,RU,55.5284,70.3385,30.11,77,100,15.59,overcast clouds
122,Port Macquarie,AU,-31.4333,152.9167,68.9,83,100,9.8,overcast clouds
123,Kutum,SD,14.2,24.6667,70.39,24,16,5.79,few clouds
124,Kyshtovka,RU,56.555,76.6271,31.68,89,100,18.57,light snow
125,Draguignan,FR,43.5333,6.4667,66.58,93,43,0.0,scattered clouds
126,Lakshettipet,IN,18.8667,79.2167,65.79,77,2,3.11,clear sky
127,Sitka,US,57.0531,-135.33,48.09,71,75,0.0,broken clouds
128,Saskylakh,RU,71.9167,114.0833,9.25,97,55,7.85,broken clouds
129,Hay River,CA,60.8156,-115.7999,30.18,64,75,4.61,broken clouds
130,Alta Floresta,BR,-9.8756,-56.0861,71.19,89,96,2.62,overcast clouds
131,Tasiilaq,GL,65.6145,-37.6368,32.16,96,100,11.14,light snow
132,Pyaozerskiy,RU,65.8333,31.1667,37.31,78,100,13.15,overcast clouds
133,Acapulco,MX,16.8634,-99.8901,84.02,70,40,4.61,scattered clouds
134,Rockport,US,28.0206,-97.0544,80.65,96,0,13.8,clear sky
135,Necochea,AR,-38.5473,-58.7368,39.88,82,0,8.68,clear sky
136,Prince George,CA,53.9166,-122.753,42.26,84,75,2.3,broken clouds
137,Sanguem,IN,15.2333,74.1667,78.28,71,21,5.44,few clouds
138,Tonj,SS,7.2737,28.6822,72.55,91,99,3.42,overcast clouds
139,Guayaramerin,BO,-10.8368,-65.3614,72.45,98,100,1.19,overcast clouds
140,Nikolskoye,RU,59.7035,30.7861,40.78,94,23,5.77,few clouds
141,Nome,US,64.5011,-165.4064,39.27,76,75,10.36,broken clouds
142,Sinnamary,GF,5.3833,-52.95,80.92,84,40,11.81,scattered clouds
143,Leningradskiy,RU,69.3833,178.4167,27.59,97,100,6.78,light snow
144,Stornoway,GB,58.2093,-6.3865,53.92,95,100,11.5,overcast clouds
145,Qaanaaq,GL,77.484,-69.3632,21.18,92,100,4.7,light snow
146,Hobart,AU,-42.8794,147.3294,55.9,67,75,18.41,moderate rain
147,Talcahuano,CL,-36.7167,-73.1167,53.28,82,40,10.36,scattered clouds
148,Jardim,BR,-21.4803,-56.1381,68.85,81,0,4.68,clear sky
149,Tabou,CI,4.423,-7.3528,76.78,88,74,8.43,broken clouds
150,Dikson,RU,73.5069,80.5464,24.91,92,100,14.56,light snow
151,Lock Haven,US,41.137,-77.4469,58.89,71,1,2.48,clear sky
152,Muisne,EC,0.6,-80.0333,74.88,80,81,5.99,broken clouds
153,Gurlan,UZ,41.8447,60.3919,41.07,55,94,7.34,overcast clouds
154,Bhadasar,IN,28.2833,74.3167,73.27,29,0,5.79,clear sky
155,Paramonga,PE,-10.6667,-77.8333,61.99,84,82,8.86,broken clouds
156,Mamallapuram,IN,12.6264,80.1722,80.65,82,100,12.84,overcast clouds
157,Loum,CM,4.7182,9.7351,71.56,98,91,2.04,light rain
158,Esfarayen,IR,37.0765,57.5101,53.26,77,63,3.76,broken clouds
159,Sur,OM,22.5667,59.5289,76.68,60,0,6.62,clear sky
160,Ilulissat,GL,69.2167,-51.1,37.42,60,75,20.71,broken clouds
161,Nizhniy Odes,RU,63.6445,54.856,29.12,79,73,9.46,broken clouds
162,Puerto El Triunfo,SV,13.2833,-88.55,88.72,87,54,1.54,broken clouds
163,Warmbad,NA,-28.45,18.7333,76.12,35,5,8.57,clear sky
164,Tual,ID,-5.6667,132.75,83.25,76,100,6.4,overcast clouds
165,Marsh Harbour,BS,26.5412,-77.0636,78.55,66,2,13.85,clear sky
166,Duncan,US,34.5023,-97.9578,91.62,31,0,16.11,clear sky
167,Rorvik,NO,64.8621,11.2373,39.31,81,75,2.3,broken clouds
168,Hithadhoo,MV,-0.6,73.0833,81.43,72,68,6.26,broken clouds
169,Garissa,KE,-0.4536,39.6401,75.27,79,17,12.97,few clouds
170,Neiafu,TO,-18.65,-173.9833,79.48,89,75,6.91,broken clouds
171,Padang,ID,-0.9492,100.3543,75.25,86,95,2.06,heavy intensity rain
172,Lata,PT,40.1629,-8.3327,61.92,90,100,9.91,overcast clouds
173,Ekhabi,RU,53.5102,142.9671,34.63,60,85,4.63,overcast clouds
174,Buraydah,SA,26.326,43.975,73.85,17,0,10.09,clear sky
175,Vicuna,CL,-30.0319,-70.7081,74.77,48,0,1.16,clear sky
176,Tezu,IN,27.9167,96.1667,72.21,49,66,3.33,broken clouds
177,Labuhan,ID,-6.8844,112.2051,82.96,73,62,4.74,broken clouds
178,Williams Lake,CA,52.1415,-122.1445,44.06,70,75,12.66,broken clouds
179,Mar Del Plata,AR,-38.0023,-57.5575,51.1,67,75,6.91,broken clouds
180,Troitskoye,RU,52.9821,84.6757,60.35,37,100,25.39,overcast clouds
181,Oranjemund,NA,-28.55,16.4333,57.11,93,2,3.42,clear sky
182,Sarahan,IN,31.5167,77.8,45.82,48,0,6.82,clear sky
183,Asyut,EG,27.181,31.1837,66.38,48,0,7.38,clear sky
184,Bonito,BR,-21.1211,-56.4819,67.42,79,1,5.44,clear sky
185,Kirkwall,GB,58.9848,-2.9587,53.65,100,100,8.05,overcast clouds
186,Chuy,UY,-33.6971,-53.4616,57.2,97,86,5.53,overcast clouds
187,Mandan,US,46.8267,-100.8896,53.58,59,0,11.5,clear sky
188,Luderitz,NA,-26.6481,15.1594,58.87,81,2,15.73,clear sky
189,Longyearbyen,SJ,78.2186,15.6401,19.24,68,40,2.3,scattered clouds
190,Tigao,PH,9.2089,126.1761,82.22,78,100,6.15,heavy intensity rain
191,Vila Velha,BR,-20.3297,-40.2925,76.95,85,20,14.97,few clouds
192,Taltal,CL,-25.4,-70.4833,61.0,72,23,4.29,few clouds
193,Ankara,TR,39.9199,32.8543,44.2,71,0,2.3,clear sky
194,Nova Odessa,BR,-22.7775,-47.2958,67.21,70,12,12.48,few clouds
195,Damavand,IR,35.7178,52.065,52.18,53,26,1.32,scattered clouds
196,Port Lincoln,AU,-34.7333,135.8667,59.23,84,100,20.67,light rain
197,Teahupoo,PF,-17.8333,-149.2667,72.23,78,27,9.93,scattered clouds
198,East London,ZA,-33.0153,27.9116,64.62,80,97,13.38,overcast clouds
199,Kamenka,RU,51.3223,42.7678,37.72,79,100,5.19,overcast clouds
200,Akdepe,TM,42.0551,59.3788,41.09,69,87,7.74,overcast clouds
201,Cepelare,BG,41.7333,24.6833,34.99,53,6,4.12,clear sky
202,Vaini,TO,-21.2,-175.2,73.56,83,75,17.27,light intensity drizzle
203,Dalby,AU,-27.1833,151.2667,71.4,64,98,11.05,overcast clouds
204,Suamico,US,44.6319,-88.0393,66.49,66,0,9.22,clear sky
205,Khatanga,RU,71.9667,102.5,27.16,87,100,16.22,light snow
206,Asfi,MA,32.2994,-9.2372,68.79,81,100,4.68,overcast clouds
207,Bathsheba,BB,13.2167,-59.5167,83.01,78,40,9.22,scattered clouds
208,Port Hardy,CA,50.6996,-127.4199,50.18,71,40,11.5,scattered clouds
209,Yerbogachen,RU,61.2767,108.0108,31.44,87,100,12.01,overcast clouds
210,Inongo,CD,-1.95,18.2667,71.91,92,73,2.62,broken clouds
211,Yabrud,SY,33.9674,36.6574,52.88,77,0,2.93,clear sky
212,Champerico,GT,14.3,-91.9167,81.61,77,37,6.73,scattered clouds
213,Porto Belo,BR,-27.1578,-48.5531,69.75,81,40,11.21,scattered clouds
214,Stavern,NO,59.0,10.0333,36.32,82,83,2.24,broken clouds
215,Sadao,TH,6.6388,100.4234,77.56,94,98,2.51,overcast clouds
216,La Libertad,EC,-2.2333,-80.9,69.46,88,100,8.05,overcast clouds
217,Tuktoyaktuk,CA,69.4541,-133.0374,19.4,86,20,6.91,few clouds
218,Hambantota,LK,6.1241,81.1185,76.98,86,99,11.16,moderate rain
219,Sao Filipe,CV,14.8961,-24.4956,79.11,72,36,4.45,scattered clouds
220,Tilichiki,RU,60.4667,166.1,15.31,85,70,6.51,broken clouds
221,Am Timan,TD,11.0297,20.2827,74.28,51,11,5.64,few clouds
222,Vanimo,PG,-2.6741,141.3028,84.56,70,48,2.19,scattered clouds
223,Cap-Aux-Meules,CA,47.3821,-61.8597,57.22,58,0,13.8,clear sky
224,Lavrentiya,RU,65.5833,-171.0,33.13,99,97,5.86,light snow
225,Chapais,CA,49.7834,-74.8492,49.78,87,56,4.79,broken clouds
226,Sambava,MG,-14.2667,50.1667,70.57,85,67,6.15,broken clouds
227,Saint-Augustin,CA,51.226,-58.6502,47.89,86,63,16.64,broken clouds
228,Cabinda,AO,-5.55,12.2,76.68,90,59,8.41,broken clouds
229,Narayanpet,IN,16.7333,77.5,65.43,78,10,8.39,clear sky
230,Yelovo,RU,57.0538,54.9207,26.64,87,63,6.55,broken clouds
231,Kattivakkam,IN,13.2167,80.3167,80.69,80,100,12.77,overcast clouds
232,Talara,PE,-4.5772,-81.2719,66.96,72,0,17.27,clear sky
233,Gilbues,BR,-9.8317,-45.3439,85.06,38,86,3.8,overcast clouds
234,Dalaba,GN,10.7,-12.25,61.56,93,91,2.62,light rain
235,Yellowknife,CA,62.456,-114.3525,28.92,59,40,6.91,scattered clouds
236,Norman Wells,CA,65.282,-126.8329,24.84,86,100,0.0,light snow
237,Iqaluit,CA,63.7506,-68.5145,31.73,100,75,9.22,broken clouds
238,Egvekinot,RU,66.3167,-179.1667,20.75,94,98,4.32,overcast clouds
239,Tashtyp,RU,52.7939,89.8983,41.0,67,100,3.62,overcast clouds
240,Mantua,IT,45.1667,10.7833,63.64,87,25,5.01,scattered clouds
241,Clyde River,CA,70.4692,-68.5914,23.23,93,100,10.36,overcast clouds
242,Aklavik,CA,68.2191,-135.0107,15.8,92,75,2.3,light snow
243,Nanortalik,GL,60.1432,-45.2371,38.34,81,100,6.71,overcast clouds
244,Kavaratti,IN,10.5669,72.642,81.55,74,35,5.26,scattered clouds
245,Newcastleton,GB,55.1796,-2.8127,55.04,96,93,3.11,overcast clouds
246,Washington,US,47.5001,-120.5015,55.8,32,9,7.63,clear sky
247,Pimentel,PE,-6.8367,-79.9342,64.69,72,0,20.71,clear sky
248,General Pico,AR,-35.6566,-63.7568,54.68,30,0,9.15,clear sky
249,Itoman,JP,26.1247,127.6694,79.18,96,75,18.41,broken clouds
250,Bud,US,39.447,-86.1758,73.24,63,71,8.77,broken clouds
251,Florencia,IT,43.7667,11.25,71.24,86,40,10.0,scattered clouds
252,Cayenne,GF,4.9333,-52.3333,82.44,83,0,4.61,clear sky
253,Kushmurun,KZ,52.4503,64.6311,26.44,87,70,12.17,broken clouds
254,Biak,ID,-0.9131,122.8766,82.02,68,99,1.05,overcast clouds
255,Sechura,PE,-5.5569,-80.8222,65.48,77,88,16.82,overcast clouds
256,Bonnyville,CA,54.2668,-110.735,42.6,67,95,4.79,overcast clouds
257,Marawi,PH,7.9986,124.2928,72.84,89,100,1.34,overcast clouds
258,Irbil,IQ,36.1926,44.0106,66.88,58,13,5.1,few clouds
259,Falun,SE,60.6036,15.626,32.41,96,11,3.53,few clouds
260,Djambala,CG,-2.5447,14.7533,68.72,93,100,1.36,overcast clouds
261,Belgrade,RS,44.804,20.4651,57.33,93,40,10.36,scattered clouds
262,Meadow Lake,US,34.8014,-106.5436,74.48,32,96,23.51,overcast clouds
263,Taunggyi,MM,20.7833,97.0333,58.28,89,29,2.73,scattered clouds
264,Dingle,PH,10.9995,122.6711,81.23,83,100,5.26,overcast clouds
265,Mynay,UA,48.5833,22.2833,53.47,92,99,2.89,overcast clouds
266,Shizukuishi,JP,39.6833,140.9833,50.77,72,24,3.04,few clouds
267,Bom Jesus,BR,-9.0744,-44.3586,82.62,46,61,2.35,broken clouds
268,Olinda,BR,-8.0089,-34.8553,80.33,65,40,8.05,scattered clouds
269,Palana,RU,59.1167,159.9667,24.64,70,97,3.8,overcast clouds
270,Kushiro,JP,42.975,144.3747,54.55,62,20,2.3,few clouds
271,Christchurch,NZ,-43.5333,172.6333,76.48,49,16,9.22,few clouds
272,Pacific Grove,US,36.6177,-121.9166,67.42,70,0,20.0,clear sky
273,Puerto Leguizamo,CO,-0.1934,-74.7819,75.49,94,99,1.59,light rain
274,Kondinskoye,RU,59.6481,67.41,29.05,83,14,12.93,few clouds
275,Hamilton,US,39.1834,-84.5333,71.55,57,0,4.61,clear sky
276,Rio Grande,BR,-32.035,-52.0986,66.31,91,45,5.32,scattered clouds
277,Nyurba,RU,63.2842,118.3319,21.97,96,90,4.32,overcast clouds
278,Tura,IN,25.5198,90.2201,71.1,63,83,4.9,broken clouds
279,Labrea,BR,-7.2586,-64.7981,77.41,81,100,2.39,overcast clouds
280,Balurghat,IN,25.2167,88.7667,68.36,72,40,7.23,scattered clouds
281,Grindavik,IS,63.8424,-22.4338,39.67,100,100,4.61,light intensity drizzle
282,Coruripe,BR,-10.1256,-36.1756,76.03,83,53,11.61,broken clouds
283,Tampere,FI,61.4991,23.7871,43.83,93,100,8.05,overcast clouds
284,Ust-Tsilma,RU,65.441,52.1498,31.84,70,100,10.09,overcast clouds
285,Awjilah,LY,29.1081,21.2869,65.16,53,0,7.83,clear sky
286,Coolum Beach,AU,-26.5333,153.1,68.34,99,100,20.49,light rain
287,Avera,US,33.194,-82.5271,57.54,40,1,5.3,clear sky
288,Petropavlovsk-Kamchatskiy,RU,53.0452,158.6483,36.19,60,0,6.71,clear sky
289,Podor,MR,16.6527,-14.9587,87.64,40,2,14.0,clear sky
290,Ambilobe,MG,-13.2,49.05,68.18,85,8,3.09,clear sky
291,Condega,NI,13.365,-86.3985,70.88,94,84,3.71,broken clouds
292,Ginda,IN,30.6945,78.4932,49.71,46,0,6.67,clear sky
293,Tithorea,GR,38.5846,22.6675,59.76,41,0,3.31,clear sky
294,Waipawa,NZ,-41.4122,175.5153,64.67,39,4,7.49,clear sky
295,Marienburg,PL,54.0359,19.0266,55.85,88,96,12.35,overcast clouds
296,Belaya Gora,RU,68.5333,146.4167,1.8,90,87,6.67,overcast clouds
297,Moyale,KE,3.5167,39.0584,72.61,60,100,6.33,overcast clouds
298,Banda Aceh,ID,5.5577,95.3222,79.54,76,100,9.42,overcast clouds
299,Arrifes,PT,37.7667,-25.7,62.85,68,75,9.22,broken clouds
300,Taoudenni,ML,22.6783,-3.9836,83.91,14,65,10.49,broken clouds
301,Kanigoro,ID,-8.13,112.219,79.52,81,66,1.1,broken clouds
302,Husavik,IS,66.0449,-17.3389,28.71,74,62,12.77,broken clouds
303,Zhezkazgan,KZ,47.8043,67.7144,35.62,62,89,18.28,overcast clouds
304,Xuddur,SO,4.1213,43.8894,70.47,85,48,9.57,light rain
305,Saint Anthony,US,45.0205,-93.218,74.32,43,22,3.0,few clouds
306,Honiara,SB,-9.4333,159.95,85.21,69,100,4.23,heavy intensity rain
307,Phek,IN,25.6667,94.5,52.59,88,100,2.08,overcast clouds
308,Yulara,AU,-25.2406,130.9889,73.22,46,0,17.6,clear sky
309,Araouane,ML,18.9048,-3.5265,81.88,15,45,8.52,scattered clouds
310,Comodoro Rivadavia,AR,-45.8667,-67.5,60.66,21,0,0.0,clear sky
311,Preobrazheniye,RU,42.9019,133.9064,43.81,51,1,6.58,clear sky
312,Port Moresby,PG,-9.4431,147.1797,85.42,70,20,8.05,few clouds
313,Singkang,MY,2.1006,102.7994,74.68,95,100,4.03,overcast clouds
314,Grand Gaube,MU,-20.0064,57.6608,72.0,75,29,3.0,scattered clouds
315,Airai,TL,-8.9266,125.4092,72.03,61,48,0.65,scattered clouds
316,Shitkino,RU,56.3703,98.3543,37.33,87,100,4.38,overcast clouds
317,Panama City,PA,8.9936,-79.5197,78.3,89,40,2.3,scattered clouds
318,Kuliyapitiya,LK,7.4688,80.0401,74.88,92,100,2.37,overcast clouds
319,Rebrikha,RU,53.0733,82.3408,51.48,72,100,24.79,overcast clouds
320,Guerrero Negro,MX,27.9769,-114.0611,70.57,70,25,14.54,scattered clouds
321,Takoradi,GH,4.8845,-1.7554,77.23,88,75,4.41,light rain
322,Muyezerskiy,RU,63.9333,31.65,39.38,86,100,14.74,overcast clouds
323,Ossora,RU,59.2353,163.0719,29.44,68,100,5.28,overcast clouds
324,Cabo San Lucas,MX,22.8909,-109.9124,84.18,76,91,11.86,overcast clouds
325,Damghan,IR,36.1683,54.348,58.46,69,10,2.06,clear sky
326,Mount Gambier,AU,-37.8333,140.7667,55.31,94,100,14.97,light rain
327,Poum,NC,-20.2333,164.0167,75.24,88,100,28.41,light rain
328,Port Lavaca,US,28.615,-96.6261,78.31,69,19,14.61,few clouds
329,Boddam,GB,57.4667,-1.7833,53.98,91,87,14.63,overcast clouds
330,Fairview,US,40.8126,-73.999,59.43,64,67,5.01,broken clouds
331,Tuatapere,NZ,-46.1333,167.6833,62.94,51,46,7.99,scattered clouds
332,Macon,US,39.8667,-88.9668,73.45,49,0,20.71,clear sky
333,San Cristobal,VE,7.7669,-72.225,73.58,97,91,1.39,overcast clouds
334,Guiglo,CI,6.5456,-7.4966,71.26,99,94,2.48,moderate rain
335,Makakilo City,US,21.3469,-158.0858,84.43,61,40,12.66,scattered clouds
336,Starkville,US,33.4504,-88.8184,73.06,59,0,5.75,clear sky
337,Uberaba,BR,-19.7483,-47.9319,79.38,47,20,3.44,few clouds
338,Plettenberg Bay,ZA,-34.0527,23.3716,61.34,90,4,4.14,clear sky
339,Tapejara,BR,-28.0681,-52.0139,56.97,92,14,3.8,few clouds
340,Havelock,US,34.8791,-76.9013,69.78,73,0,10.36,clear sky
341,Maragogi,BR,-9.0122,-35.2225,75.87,85,31,8.48,scattered clouds
342,Naze,JP,28.3667,129.4833,74.32,88,95,11.52,overcast clouds
343,Muli,MV,2.9167,73.5667,81.32,74,67,16.53,broken clouds
344,Kamsack,CA,51.5667,-101.9009,45.28,56,92,10.56,overcast clouds
345,Akyab,MM,20.15,92.9,78.98,83,100,5.12,moderate rain
346,Bambous Virieux,MU,-20.3428,57.7575,71.85,83,40,8.05,scattered clouds
347,Shelburne,CA,44.0787,-80.2041,60.6,63,25,11.5,scattered clouds
348,Heihe,CN,50.2441,127.4902,28.98,56,1,10.49,clear sky
349,Tevriz,RU,57.509,72.4042,29.95,82,100,8.32,overcast clouds
350,Sao Joao Da Barra,BR,-21.6403,-41.0511,75.29,93,59,4.16,moderate rain
351,Yakeshi,CN,49.2833,120.7333,26.08,58,0,3.58,clear sky
352,Clinton,US,42.587,-82.9199,67.12,64,20,9.22,few clouds
353,Praia,CV,14.9215,-23.5087,79.34,69,0,14.97,clear sky
354,Akureyri,IS,65.6835,-18.0878,22.93,93,0,6.91,clear sky
355,Kudahuvadhoo,MV,2.6708,72.8944,81.27,72,83,15.05,broken clouds
356,Saint George,US,37.1041,-113.5841,77.59,22,40,28.77,scattered clouds
357,Upernavik,GL,72.7868,-56.1549,35.04,91,100,19.35,overcast clouds
358,Yatou,CN,37.15,122.3833,56.7,48,0,11.03,clear sky
359,Golden,US,39.7555,-105.2211,74.17,18,1,3.06,clear sky
360,Urucara,BR,-2.5364,-57.76,79.72,78,100,2.64,heavy intensity rain
361,West Wendover,US,40.7391,-114.0733,45.61,49,100,12.66,overcast clouds
362,Pihuamo,MX,19.2499,-103.3828,69.35,98,100,2.95,light rain
363,Moranbah,AU,-22.0016,148.0466,81.57,48,1,5.28,clear sky
364,Aleksandrov Gay,RU,50.147,48.5704,41.77,65,100,5.75,overcast clouds
365,Eldorado,BR,-23.7869,-54.2836,64.45,85,1,3.98,clear sky
366,Shingu,JP,33.7333,135.9833,72.79,64,3,3.65,clear sky
367,Bubaque,GW,11.2833,-15.8333,82.92,68,86,0.81,light rain
368,Malanje,AO,-9.5402,16.341,65.25,83,70,1.34,broken clouds
369,Broome,US,42.2506,-75.833,53.42,69,0,1.01,clear sky
370,Turukhansk,RU,65.8167,87.9833,24.78,94,98,11.01,overcast clouds
371,Saint Marys,US,30.7305,-81.5465,68.0,70,0,4.61,clear sky
372,Red Bluff,US,40.1785,-122.2358,73.53,15,75,11.5,broken clouds
373,Adelanto,US,34.5828,-117.4092,61.7,59,7,22.97,clear sky
374,Talnakh,RU,69.4865,88.3972,27.21,94,99,7.63,overcast clouds
375,Marsaxlokk,MT,35.8419,14.5431,67.08,88,0,2.3,clear sky
376,Horta,PT,38.5333,-28.6333,67.01,67,92,4.0,overcast clouds
377,Wakkanai,JP,45.4094,141.6739,44.58,87,75,12.66,broken clouds
378,San Ramon,US,37.7799,-121.978,70.02,50,0,16.11,clear sky
379,Inirida,CO,3.8653,-67.9239,79.86,82,100,2.64,overcast clouds
380,Axim,GH,4.8699,-2.2405,76.84,88,99,4.7,moderate rain
381,Gamba,GA,-2.65,10.0,76.6,90,93,7.05,light rain
382,Churapcha,RU,62.0025,132.4325,12.88,93,99,0.49,overcast clouds
383,Rawson,AR,-43.3002,-65.1023,69.6,20,11,32.41,few clouds
384,Cidreira,BR,-30.1811,-50.2056,63.0,86,27,5.23,scattered clouds
385,Kapuskasing,CA,49.4169,-82.4331,46.49,93,75,5.75,mist
386,Dunedin,NZ,-45.8742,170.5036,61.66,54,20,1.99,few clouds
387,Pisco,PE,-13.7,-76.2167,62.65,77,0,14.97,clear sky
388,Svetlaya,RU,46.5389,138.3297,40.17,73,57,5.7,broken clouds
389,Mount Isa,AU,-20.7333,139.5,89.91,15,0,14.41,clear sky
390,Lakselv,NO,70.0513,24.9718,35.42,75,75,8.05,light snow
391,Alofi,NU,-19.0595,-169.9187,75.09,94,97,5.75,overcast clouds
392,Isangel,VU,-19.55,169.2667,82.51,78,75,13.8,broken clouds
393,Caravelas,BR,-17.7125,-39.2481,76.59,83,99,10.07,overcast clouds
394,Grand Island,US,40.925,-98.342,71.38,33,0,9.46,clear sky
395,Saint-Georges,GD,12.0564,-61.7485,82.08,83,20,9.22,few clouds
396,Bayji,IQ,34.9311,43.487,70.21,52,1,10.45,clear sky
397,Launceston,AU,-41.45,147.1667,54.16,76,100,16.11,overcast clouds
398,Tessalit,ML,20.1986,1.0114,75.31,21,70,14.45,broken clouds
399,Richards Bay,ZA,-28.783,32.0377,66.76,85,100,9.17,overcast clouds
400,Cetraro,IT,39.5166,15.9416,63.07,90,84,2.48,broken clouds
401,Baiyin,CN,36.5583,104.2081,50.92,36,99,1.41,overcast clouds
402,Deputatskiy,RU,69.3,139.9,0.0,94,98,5.35,overcast clouds
403,Saldanha,ZA,-33.0117,17.9442,59.05,85,64,12.3,broken clouds
404,Los Llanos De Aridane,ES,28.6585,-17.9182,69.55,92,0,0.0,clear sky
405,Kathu,TH,7.9178,98.3332,83.75,88,96,5.99,overcast clouds
406,Cayhagan,PH,9.6697,122.4256,81.61,77,99,3.69,overcast clouds
407,Mandalgovi,MN,45.7625,106.2708,35.24,37,0,6.2,clear sky
408,Baneh,IR,35.9975,45.8853,53.8,77,43,2.98,light rain
409,Funtua,NG,11.5233,7.3081,71.02,32,2,6.53,clear sky
410,Bellefontaine,US,40.3612,-83.7597,66.65,57,20,8.05,few clouds
411,Torbay,CA,47.6666,-52.7314,52.57,90,0,12.66,clear sky
412,Filadelfia,US,39.9523,-75.1638,59.09,71,75,5.86,broken clouds
413,San Policarpo,PH,12.1791,125.5072,82.89,83,94,8.28,overcast clouds
414,Hami,CN,42.8,93.45,49.66,36,0,2.13,clear sky
415,Palmas,BR,-10.2128,-48.3603,80.47,69,75,9.22,broken clouds
416,Morgan City,US,29.6994,-91.2068,72.0,69,70,6.91,broken clouds
417,Munchenbuchsee,CH,47.0218,7.4504,56.34,92,20,3.44,fog
418,Stephenville,US,32.2207,-98.2023,83.19,38,0,12.66,clear sky
419,Shalinskoye,RU,55.7228,93.7594,48.52,54,100,10.96,overcast clouds
420,Talkha,EG,31.0539,31.3779,65.82,81,0,5.37,clear sky
421,Altoona,US,40.5187,-78.3947,55.24,66,0,2.93,clear sky
422,Vostok,RU,46.4856,135.8833,31.32,68,58,3.42,broken clouds
423,Daru,PG,-9.0763,143.2092,85.91,64,40,2.46,scattered clouds
424,Pitkyaranta,RU,61.5734,31.4792,41.97,86,94,14.94,overcast clouds
425,Kaduna,NG,10.5222,7.4383,71.44,41,9,4.12,clear sky
426,Saint-Pierre,RE,-21.3393,55.4781,71.91,73,0,5.75,clear sky
427,Suez,EG,29.9737,32.5263,67.93,77,34,7.65,light rain
428,Koslan,RU,63.4564,48.8989,30.56,76,98,11.16,overcast clouds
429,Morros,BR,-9.4467,-46.3003,81.63,51,45,4.94,scattered clouds
430,Meulaboh,ID,4.1363,96.1285,76.01,84,98,6.53,overcast clouds
431,Narsaq,GL,60.9167,-46.05,35.1,94,100,7.85,light snow
432,Kallithea,GR,37.95,23.7,63.68,77,0,3.44,clear sky
433,Joshimath,IN,30.5667,79.5667,50.67,37,0,7.43,clear sky
434,Leshukonskoye,RU,64.8989,45.7622,32.18,89,100,11.97,overcast clouds
435,Natchitoches,US,31.7668,-93.1335,79.65,47,0,11.5,clear sky
436,Forio,IT,40.7342,13.8646,66.52,75,100,1.81,overcast clouds
437,Kroonstad,ZA,-27.6504,27.2349,60.04,82,81,12.88,broken clouds
438,Manado,ID,1.487,124.8455,81.37,89,40,2.3,scattered clouds
439,Karratha,AU,-20.7377,116.8463,77.56,43,1,12.68,clear sky
440,Dzhebariki-Khaya,RU,62.2167,135.8,-2.65,99,91,1.32,overcast clouds
441,Guerande,FR,47.3291,-2.4283,67.46,88,100,12.08,overcast clouds
442,Bansko,BG,41.8383,23.4885,54.75,69,11,3.33,few clouds
443,Aljezur,PT,37.3191,-8.8033,65.21,87,95,13.98,overcast clouds
444,Caohai,CN,26.8661,104.2841,52.95,94,100,3.11,overcast clouds
445,Hualmay,PE,-11.0964,-77.6139,61.88,83,69,10.18,broken clouds
446,Camacha,PT,33.0833,-16.3333,63.82,82,20,8.05,few clouds
447,Tautira,PF,-17.7333,-149.15,77.76,77,23,10.07,few clouds
448,Inuvik,CA,68.3499,-133.7218,18.46,82,20,6.91,few clouds
449,Tagab,AF,34.855,69.6492,56.77,16,0,7.67,clear sky
450,La Palma,US,33.8464,-118.0467,69.91,76,100,10.36,overcast clouds
451,Evensk,RU,61.95,159.2333,16.36,74,80,6.44,broken clouds
452,Ewa Beach,US,21.3156,-158.0072,85.84,64,18,15.84,few clouds
453,Vila,PT,42.0304,-8.1588,49.08,93,95,14.05,overcast clouds
454,Hofn,IS,64.2539,-15.2082,37.08,75,100,10.16,overcast clouds
455,Adra,ES,36.7496,-3.0206,76.39,59,96,2.13,overcast clouds
456,Nemuro,JP,43.3236,145.575,52.47,70,3,14.76,clear sky
457,Japura,ID,-0.3167,102.35,76.28,90,99,1.5,overcast clouds
458,Seoul,KR,37.5683,126.9778,53.2,88,0,10.36,mist
459,Banamba,ML,13.55,-7.45,78.58,41,98,4.54,overcast clouds
460,Walvis Bay,NA,-22.9575,14.5053,59.09,88,3,6.91,clear sky
461,Westport,US,41.1415,-73.3579,58.91,77,72,3.09,broken clouds
462,Bilma,NE,18.6853,12.9164,75.47,19,4,9.57,clear sky
463,Mali,GN,12.079,-12.2982,60.37,87,76,2.13,light rain
464,Fenoarivo,MG,-18.933,47.4354,59.07,94,75,4.61,broken clouds
465,Bilibino,RU,68.0546,166.4372,9.12,94,100,2.44,overcast clouds
466,Sayyan,YE,15.1718,44.3244,50.86,23,3,3.6,clear sky
467,Mehamn,NO,71.0357,27.8492,35.55,87,75,21.85,broken clouds
468,Tahe,CN,52.3333,124.7333,28.47,65,5,5.1,clear sky
469,College,US,64.8569,-147.8028,34.59,95,100,0.92,overcast clouds
470,Mayumba,GA,-3.432,10.6554,76.59,91,92,6.49,light rain
471,Port Shepstone,ZA,-30.7414,30.455,65.71,73,81,4.09,broken clouds
472,Seda,LV,57.65,25.75,39.54,87,100,4.0,overcast clouds
473,Odesskoye,RU,54.2111,72.9651,31.19,85,100,19.08,overcast clouds
474,Powell,US,40.1578,-83.0752,68.68,58,0,5.75,clear sky
475,Masvingo,ZW,-20.0637,30.8277,66.88,58,3,4.52,clear sky
476,Srednekolymsk,RU,67.45,153.6833,5.77,91,99,12.19,overcast clouds
477,Balkhash,KZ,46.844,74.9804,49.55,51,100,23.55,overcast clouds
478,Yining,CN,29.0361,114.5636,65.01,52,10,2.77,clear sky
479,Cozumel,MX,20.5083,-86.9458,79.07,73,0,5.99,clear sky
480,Krasnoselkup,RU,65.7,82.4667,29.19,95,99,13.31,light snow
481,Okhotsk,RU,59.3833,143.3,21.04,53,95,14.81,overcast clouds
482,Villa Nueva,GT,14.5269,-90.5875,71.62,78,40,16.11,thunderstorm
483,Pevek,RU,69.7008,170.3133,19.76,95,100,7.92,light snow
484,Calama,CL,-22.4667,-68.9333,64.89,8,0,17.27,clear sky
485,Skibotn,NO,69.3913,20.2679,36.82,94,100,28.7,light rain
486,Maniitsoq,GL,65.4167,-52.9,35.19,94,100,20.62,snow
487,Grenada,ES,37.1882,-3.6067,68.68,42,0,0.0,clear sky
488,Ponta Delgada,PT,37.7333,-25.6667,65.12,68,75,9.22,broken clouds
489,Mozhga,RU,56.4447,52.2276,27.37,81,20,5.68,few clouds
490,Umm Kaddadah,SD,13.6017,26.6876,82.33,17,97,15.84,overcast clouds
491,Martapura,ID,-3.4167,114.85,77.09,94,20,4.61,few clouds
492,Road Town,VG,18.4167,-64.6167,82.44,83,40,6.91,scattered clouds
493,San Andres,CO,12.5847,-81.7006,84.22,79,20,8.05,few clouds
494,Byron Bay,AU,-28.65,153.6167,66.94,96,100,19.46,light rain
495,Mackay,AU,-21.15,149.2,86.68,70,10,7.99,clear sky
496,Shahrud,IR,36.4182,54.9763,54.1,81,6,7.07,clear sky
497,Ambulu,ID,-8.345,113.6058,79.95,83,55,2.21,broken clouds
498,Sept-Iles,CA,50.2001,-66.3821,48.2,81,20,5.75,few clouds
499,Stutterheim,ZA,-32.5708,27.424,55.2,95,99,4.68,overcast clouds
500,Dergachi,RU,51.2328,48.7659,38.64,59,100,7.4,overcast clouds
501,Sorland,NO,67.667,12.6934,40.86,66,100,22.91,overcast clouds
502,Pinotepa Nacional,MX,16.3167,-98.0167,76.6,89,72,2.53,light rain
503,Acucena,BR,-19.0731,-42.5464,70.32,91,86,0.54,overcast clouds
504,Manzanillo,CU,20.3433,-77.1167,76.39,86,89,7.11,light rain
505,Gandajika,CD,-6.75,23.95,67.77,94,100,3.38,overcast clouds
506,Kirakira,SB,-10.4544,161.9205,83.86,71,100,5.61,light rain
507,Pangnirtung,CA,66.1451,-65.7125,30.18,94,100,7.54,light snow
508,Borogontsy,RU,62.6683,131.1683,13.23,93,99,0.76,overcast clouds
509,Praia Da Vitoria,PT,38.7333,-27.0667,64.76,88,75,18.54,broken clouds
510,Yinchuan,CN,38.4681,106.2731,51.26,23,68,2.8,broken clouds
511,Sosnovo-Ozerskoye,RU,52.5249,111.5418,22.46,93,18,3.8,few clouds
512,Buala,SB,-8.145,159.5921,84.58,71,100,8.88,light rain
513,Andros Town,BS,24.7,-77.7667,80.56,67,11,13.4,few clouds
514,Swan River,CA,52.1058,-101.2676,42.69,56,49,11.5,scattered clouds
515,Ust-Nera,RU,64.5667,143.2,1.27,97,100,4.07,overcast clouds
516,Muzhi,RU,65.3667,64.6667,30.13,69,58,18.12,broken clouds
517,Teya,RU,60.3778,92.6267,38.01,99,100,0.49,light rain
518,San Ignacio,BZ,17.1561,-89.0714,73.71,85,90,3.89,overcast clouds
519,Bowen,AU,-20.0167,148.2333,79.74,68,0,7.49,clear sky
520,Vrede,ZA,-27.4257,29.1659,54.72,88,93,4.41,overcast clouds
521,Korla,CN,41.7597,86.1469,47.37,42,0,3.65,clear sky
522,Karoi,ZW,-16.8099,29.6925,65.91,49,16,5.48,few clouds
523,Urazovo,RU,50.0836,38.0395,42.85,80,99,6.62,overcast clouds
524,Katherine,AU,-14.4667,132.2667,93.31,36,18,7.47,few clouds
525,Mecca,SA,21.4267,39.8261,78.64,59,5,2.01,clear sky
526,Hidalgotitlan,MX,17.7833,-94.6333,73.17,89,80,6.53,broken clouds
527,Namatanai,PG,-3.6667,152.4333,85.59,61,99,4.7,overcast clouds
528,Russell,US,32.3502,-85.1999,64.0,45,24,4.65,few clouds
529,Margate,GB,51.3813,1.3862,60.91,90,100,1.01,overcast clouds
530,Aromashevo,RU,56.8602,68.6375,28.17,84,94,13.11,overcast clouds
531,Tocopilla,CL,-22.092,-70.1979,63.27,64,15,5.28,few clouds
532,Port-Gentil,GA,-0.7193,8.7815,78.3,87,100,8.46,moderate rain
533,Slave Lake,CA,55.2834,-114.769,40.98,81,100,10.36,overcast clouds
534,Presidencia Roque Saenz Pena,AR,-26.7852,-60.4388,73.09,50,39,6.08,scattered clouds
535,Verkhniy Rohachyk,UA,47.2505,34.338,51.19,77,100,11.05,overcast clouds
536,Slidell,US,30.2752,-89.7812,73.0,70,44,3.0,scattered clouds
537,Itaguai,BR,-22.8522,-43.7753,75.61,83,100,11.5,overcast clouds
538,Amli,IN,20.2833,73.0167,70.52,63,0,4.61,clear sky
539,Ravar,IR,31.2656,56.8055,67.71,19,0,3.89,clear sky
540,Hobyo,SO,5.3505,48.5268,78.1,81,75,12.8,broken clouds
541,Nurota,UZ,40.5614,65.6886,50.0,83,100,6.96,light rain
542,Safford,US,32.834,-109.7076,80.11,44,72,9.15,broken clouds
543,Bondoukou,CI,8.0333,-2.8,72.82,87,67,3.2,light rain
544,Lardos,GR,36.0942,28.0157,64.94,62,0,6.4,clear sky
545,San Luis,AR,-33.295,-66.3356,62.22,44,12,5.86,few clouds
546,Yar-Sale,RU,66.8333,70.8333,28.96,81,85,12.59,overcast clouds
547,Rantepao,ID,-2.9701,119.8978,74.71,81,75,0.78,broken clouds
548,Moosomin,CA,50.1333,-101.6677,46.4,55,100,13.33,overcast clouds
549,Shakawe,BW,-18.3667,21.85,72.68,36,10,5.28,clear sky
550,Pudozh,RU,61.8099,36.5345,40.42,83,100,12.46,overcast clouds
551,Pitimbu,BR,-7.4706,-34.8086,77.9,77,31,10.71,scattered clouds
552,Zvornik,BA,44.3869,19.1014,58.19,74,92,3.0,overcast clouds
553,Tema,GH,5.667,-0.0166,79.56,78,36,7.63,scattered clouds
554,Sturgeon Bay,US,44.8342,-87.377,59.36,72,0,20.71,clear sky
555,Pasaje,EC,-3.3333,-79.8167,72.68,87,99,0.81,overcast clouds
556,Kununurra,AU,-15.7667,128.7333,96.75,28,12,4.79,few clouds
557,Whitehorse,CA,60.7161,-135.0538,36.01,88,61,1.99,broken clouds
558,Laguna,US,38.421,-121.4238,75.18,18,0,16.11,clear sky
559,Lazaro Cardenas,MX,17.9583,-102.2,79.14,83,100,2.01,light rain
560,Garowe,SO,8.4054,48.4845,74.14,80,93,12.01,overcast clouds
561,Campos Novos,BR,-27.4017,-51.225,54.84,97,2,2.17,clear sky
562,Bol,TD,13.4586,14.7147,83.57,45,94,10.27,overcast clouds
563,Oktyabrskoye,RU,43.0645,44.7417,28.54,100,3,6.71,clear sky
564,Nouadhibou,MR,20.931,-17.0347,70.27,87,13,21.07,few clouds
565,Bundaberg,AU,-24.85,152.35,79.21,68,62,5.99,broken clouds
566,Bandarbeyla,SO,9.4942,50.8122,77.25,85,13,1.28,few clouds
567,Limni,GR,38.7667,23.3167,65.62,55,0,3.78,clear sky
568,Talakan,RU,50.3167,130.3667,32.56,50,1,4.43,clear sky
569,Urengoy,RU,65.9667,78.3667,29.37,87,98,13.91,overcast clouds
570,Ugoofaaru,MV,5.6667,73.0,80.76,81,81,14.03,broken clouds
571,Springdale,US,36.1867,-94.1288,77.59,53,0,18.99,clear sky
572,Gat,IL,31.61,34.7642,67.82,68,0,4.92,clear sky
573,Geraldton,AU,-28.7667,114.6,65.48,67,38,3.09,scattered clouds
574,San Patricio,US,28.017,-97.5169,79.52,64,8,16.31,clear sky
575,Gempol,ID,-7.1827,111.6137,81.41,77,86,4.05,overcast clouds
576,Pingzhuang,CN,42.0372,119.2889,43.61,43,6,5.32,clear sky
577,Ferme-Neuve,CA,46.7001,-75.4493,51.03,86,3,4.88,clear sky
578,Cockburn Town,TC,21.4612,-71.1419,82.63,74,94,15.14,overcast clouds
579,Sembakung,ID,3.8167,117.25,78.37,91,100,1.52,overcast clouds
580,Adrar,MR,20.5022,-10.0711,81.82,15,1,8.46,clear sky
581,Zenzeli,RU,45.9241,47.0474,43.32,50,30,4.43,scattered clouds
582,Palmer,US,42.1584,-72.3287,55.18,72,56,3.33,broken clouds
583,Barcelos,PT,41.5388,-8.6151,60.94,82,74,22.17,broken clouds
584,Ambanja,MG,-13.6833,48.45,70.18,81,36,3.36,scattered clouds
585,Behshahr,IR,36.6923,53.5526,63.52,85,99,2.21,overcast clouds
586,Aswan,EG,24.0934,32.907,72.63,42,0,11.59,clear sky
587,Freeport,US,40.6576,-73.5832,61.02,72,84,3.87,broken clouds
588,Mandera,KE,3.9366,41.867,79.65,63,85,12.71,overcast clouds
589,Doha,QA,25.2867,51.5333,82.38,78,0,3.44,clear sky
590,Novobelokatay,RU,55.7062,58.9549,26.94,81,100,12.17,overcast clouds
591,Najran,SA,17.4924,44.1277,63.25,23,1,2.21,clear sky
592,Kristiansund,NO,63.1115,7.732,43.45,87,100,3.44,drizzle
593,Albino,IT,45.7638,9.7964,62.4,93,75,3.44,broken clouds
594,Tamworth,GB,52.634,-1.6959,58.64,95,100,4.0,overcast clouds
595,Auki,SB,-8.7676,160.7034,83.98,71,100,8.37,moderate rain
596,La Paz,BO,-16.5,-68.15,53.58,40,75,10.36,broken clouds
597,Cururupu,BR,-1.8283,-44.8683,76.05,87,64,3.94,broken clouds
598,Sokoni,TZ,-6.4333,39.55,76.37,83,24,11.25,light rain
599,Vanavara,RU,60.34,102.2797,38.64,94,100,12.21,light rain
600,Faya,SA,18.3851,42.4509,56.01,23,2,4.79,clear sky
601,Tateyama,JP,34.9833,139.8667,65.1,73,7,15.14,clear sky
602,Fort Saint James,CA,54.4333,-124.25,42.12,54,60,4.5,broken clouds
603,Louga,RU,58.7372,29.8453,36.3,96,13,4.88,few clouds
604,Hadejia,NG,12.4498,10.0444,78.15,22,49,8.9,scattered clouds
605,Balagansk,RU,54.0103,103.0544,36.37,79,83,9.78,broken clouds
606,Mount Darwin,ZW,-16.7725,31.5838,65.26,57,5,3.31,clear sky
607,Berbera,SO,10.4396,45.0143,81.63,78,33,4.18,light rain
608,Sao Raimundo Nonato,BR,-9.0153,-42.6994,81.0,44,34,2.89,scattered clouds
609,Port Augusta,AU,-32.5,137.7667,61.32,83,100,12.95,overcast clouds
610,Yuli,NG,9.6989,10.2744,75.92,35,89,4.79,overcast clouds
611,Ahipara,NZ,-35.1667,173.1667,65.82,46,0,5.26,clear sky
612,Vestmannaeyjar,IS,63.4427,-20.2734,42.91,78,100,17.81,overcast clouds
613,Sao Jose Da Coroa Grande,BR,-8.8978,-35.1478,76.3,84,29,8.97,scattered clouds
614,Kloulklubed,PW,7.0419,134.2556,83.35,72,96,4.7,overcast clouds
615,Hefei,CN,31.8639,117.2808,63.16,65,0,9.35,clear sky
616,Tiarei,PF,-17.5333,-149.3333,77.58,79,20,11.5,few clouds
617,Vrangel,RU,42.7297,133.0839,42.84,52,0,7.16,clear sky
618,Paka,MY,4.6374,103.4368,74.59,97,100,8.84,overcast clouds
619,Manadhoo,MV,5.7667,73.3833,80.38,83,80,13.91,broken clouds
620,Kimbe,PG,-5.5502,150.1429,75.47,97,100,3.27,moderate rain
621,Puerto Del Rosario,ES,28.5004,-13.8627,73.15,83,75,8.05,broken clouds
622,Ban Mo,TH,14.6154,100.7273,77.99,77,69,6.31,broken clouds
623,Kangaatsiaq,GL,68.3065,-53.4641,33.87,77,100,15.28,overcast clouds
624,Mecayapan,MX,18.2167,-94.8333,74.98,88,59,5.06,broken clouds
625,Moron,AR,-34.6534,-58.6198,56.97,71,96,7.94,overcast clouds
626,Kuna,US,43.4918,-116.4201,50.56,59,0,13.8,clear sky
627,Chara,RU,56.9064,118.2631,18.77,71,19,1.34,few clouds
628,Constitucion,CL,-35.3333,-72.4167,50.29,89,46,7.09,scattered clouds
629,Baruun-Urt,MN,46.6806,113.2792,30.36,53,0,5.59,clear sky
630,Bistrica,RO,47.1332,24.5001,49.89,94,100,2.57,light rain
631,Burgeo,CA,47.6167,-57.6152,50.85,93,0,8.23,clear sky
632,Sola,VU,-13.8833,167.55,80.13,79,99,18.54,heavy intensity rain
633,Ancud,CL,-41.8697,-73.8203,45.27,77,99,8.1,overcast clouds
634,Hutchinson,US,38.0608,-97.9298,79.74,28,0,7.47,clear sky
635,Sri Aman,MY,1.2376,111.4621,78.21,83,97,1.19,overcast clouds
636,Westerly,US,41.3776,-71.8273,57.83,84,0,3.44,clear sky
637,Port Blair,IN,11.6667,92.75,79.05,91,100,24.81,heavy intensity rain
638,Aripuana,BR,-9.1667,-60.6333,74.1,86,97,2.19,moderate rain
639,Ciudad Bolivar,VE,8.1222,-63.5497,85.03,63,79,9.17,broken clouds
640,Ciudad Guayana,VE,8.3533,-62.6528,79.52,85,77,5.59,broken clouds
641,Khilok,RU,51.3674,110.4676,26.98,84,16,2.64,few clouds
642,Georgiyevka,KZ,43.0369,74.7114,51.84,66,40,15.66,scattered clouds
643,Jati,PK,24.3539,68.2671,78.98,40,0,5.32,clear sky
644,Fuerte Olimpo,PY,-21.0415,-57.8738,71.71,64,1,6.29,clear sky
645,Khor,RU,47.8861,134.9464,34.18,87,100,4.21,overcast clouds
646,Santa Maria,BR,-29.6842,-53.8069,63.7,77,0,0.0,clear sky
647,Tutoia,BR,-2.7619,-42.2744,79.66,83,45,13.02,scattered clouds
648,Henties Bay,NA,-22.116,14.2845,57.72,93,37,4.38,scattered clouds
649,Majene,ID,-3.5403,118.9707,81.12,77,85,1.45,overcast clouds
650,Ormara,PK,25.2088,64.6357,80.47,57,0,10.38,clear sky
651,Wadi,IN,17.0667,76.9833,64.4,81,0,6.87,clear sky
652,Yarada,IN,17.65,83.2667,76.41,67,100,7.07,overcast clouds
653,Vlasotince,RS,42.9636,22.1231,54.45,58,58,2.19,broken clouds
654,Dong Hoi,VN,17.4833,106.6,74.7,86,70,6.2,broken clouds
655,Dwarka,IN,22.2394,68.9678,81.32,54,1,6.44,clear sky
656,Teknaf,BD,20.8624,92.3058,78.58,85,100,10.07,heavy intensity rain
657,Presidente Epitacio,BR,-21.7633,-52.1156,70.79,72,0,6.49,clear sky
658,Moose Factory,CA,51.2585,-80.6094,45.93,90,100,3.94,overcast clouds
659,Manicore,BR,-5.8092,-61.3003,77.94,83,100,2.84,overcast clouds
660,Tongliao,CN,43.6125,122.2653,40.73,48,1,10.11,clear sky
661,Worthington,US,40.0931,-83.018,68.76,59,75,6.91,broken clouds
662,Bolanos De Calatrava,ES,38.9069,-3.6635,65.73,69,99,9.19,overcast clouds
663,Kuji,JP,40.1878,141.7689,58.82,68,28,7.65,scattered clouds
664,Jiayuguan,CN,39.8167,98.3,42.21,35,0,3.69,clear sky
665,Baie-Comeau,CA,49.2168,-68.1489,47.08,83,62,5.48,broken clouds
666,Wladyslawowo,PL,54.7909,18.4009,54.95,93,87,13.65,overcast clouds
667,Mildura,AU,-34.2,142.15,62.56,94,100,10.36,overcast clouds
668,Tucuman,AR,-26.8241,-65.2226,66.2,59,40,6.91,scattered clouds
669,Noumea,NC,-22.2763,166.4572,80.58,99,100,16.78,overcast clouds
670,Madawaska,US,47.3561,-68.3288,56.5,50,0,9.22,clear sky
